Profile Name,Title Name,Rating Type,Star Value,Thumbs Value,Device Model,Event Utc Ts,Region View Date
Ali,Who Killed Santa? A Murderville Murder Mystery,thumb,,3,PS5,2022-12-30 05:10:51,
Ali,Sausage Party,thumb,,3,iPhone,2022-10-06 02:23:18,
Ali,Money Heist,thumb,,3,PS5,2022-10-06 00:39:37,
Ali,Vikings,thumb,,3,PS5,2022-10-06 00:39:30,
Ali,Narcos,thumb,,3,PS5,2022-10-06 00:39:27,
Ali,Brooklyn Nine-Nine,thumb,,3,PS5,2022-10-06 00:38:43,
Ali,Orange Is the New Black,thumb,,1,PS5,2022-10-06 00:38:37,
Ali,Inception,thumb,,2,PS5,2022-10-06 00:34:11,
Ali,Silver Linings Playbook,thumb,,2,PS5,2022-10-06 00:34:03,
Ali,Hereditary,thumb,,2,PS5,2022-10-06 00:33:59,
Ali,Little Women,thumb,,2,PS5,2022-10-06 00:33:55,
Ali,Black Mirror: Bandersnatch,thumb,,3,PS5,2022-10-06 00:33:48,
Ali,Parasite,thumb,,3,PS5,2022-10-06 00:33:38,
Ali,Shutter Island,thumb,,2,PS5,2022-10-06 00:33:35,
Ali,About Time,thumb,,3,PS5,2022-10-06 00:33:31,
Ali,The Office (U.S.),thumb,,3,PS5,2022-10-06 00:33:27,
Ali,Taxi Driver,thumb,,2,PS5,2022-10-06 00:33:24,
Ali,Split,thumb,,3,PS5,2022-10-06 00:31:47,
Ali,Prisoners,thumb,,3,PS5,2022-10-06 00:31:43,
Ali,Superbad,thumb,,2,PS5,2022-10-06 00:31:40,
Ali,MINDHUNTER,thumb,,3,PS5,2022-10-06 00:31:36,
Ali,The End of the F***ing World,thumb,,3,PS5,2022-10-06 00:31:33,
Ali,1917,thumb,,2,PS5,2022-10-06 00:31:26,
Ali,No Country for Old Men,thumb,,2,PS5,2022-10-06 00:31:20,
Ali,The Devil All The Time,thumb,,2,PS5,2022-10-06 00:31:18,
Ali,Seven,thumb,,3,PS5,2022-10-06 00:31:15,
Ali,The Cabin in the Woods,thumb,,2,PS5,2022-10-06 00:31:12,
Ali,The 40-Year-Old Virgin,thumb,,2,PS5,2022-10-06 00:31:09,
Ali,The Platform,thumb,,3,PS5,2022-10-06 00:31:05,
Ali,Uncut Gems,thumb,,2,PS5,2022-10-06 00:31:01,
Ali,DreamWorks Spooky Stories,thumb,,2,PS5,2022-10-04 07:18:53,
Ali,DAHMER,thumb,,3,PS5,2022-10-03 07:44:10,
Ali,El Camino: A Breaking Bad Movie,thumb,,2,PS5,2022-08-31 05:53:50,
Ali,Breaking Bad,thumb,,3,iPhone,2022-08-23 17:00:23,
Ali,Better Call Saul,thumb,,3,HTML 5,2022-08-18 04:48:00,
Ali,American Psycho,thumb,,2,iPhone,2022-07-11 04:09:17,
Ali,Forgotten,thumb,,3,PS5,2022-06-20 07:32:46,
Ali,The Power of the Dog,thumb,,0,HTML 5,2022-04-04 03:38:29,
Ali,All of Us Are Dead,thumb,,2,PS5,2022-02-12 08:18:53,
Ali,Glass,thumb,,2,PS5,2021-04-09 08:34:23,
